DISTRICT,ORG CODE,PK,K,1,2,3,4,5,6,7,8,9,10,11,12,SP,TOTAL
Abby Kelley Foster Charter Public (District),04450000,,144,133,131,131,144,143,143,144,131,92,47,21,22,0,"1,426"
Abington,00010000,38,148,158,206,188,177,217,187,205,202,148,143,153,145,1,"2,316"
Academy of Strategic Learning Charter (District),04150000,,,,,,,,,5,5,9,8,10,11,0,48
Academy Of the Pacific Rim Charter Public (District),04120000,,,,,,,82,84,75,65,55,41,35,35,0,472
Acton,00020000,65,293,323,340,387,392,385,399,,,,,,,0,"2,584"
Acton-Boxborough,06000000,,,,,,,,,485,476,516,468,498,476,3,"2,922"
Acushnet,00030000,24,104,113,100,115,130,111,118,119,138,,,,,0,"1,072"
Adams-Cheshire,06030000,44,109,128,108,109,127,137,123,119,128,139,114,121,87,3,"1,596"
Advanced Math and Science Academy Charter (District),04300000,,,,,,,,148,148,130,97,,,,0,523
Agawam,00050000,127,271,295,279,332,322,343,360,370,347,370,333,318,288,0,"4,355"
Amesbury,00070000,76,184,186,167,190,174,173,186,179,182,188,186,180,170,5,"2,426"
Amherst,00080000,72,176,184,177,203,193,200,194,,,,,,,0,"1,399"
Amherst-Pelham,06050000,,,,,,,,,289,278,309,292,311,307,0,"1,786"
Andover,00090000,84,418,453,455,502,485,487,476,519,476,454,446,402,432,0,"6,089"
Arlington,00100000,62,411,432,388,376,375,378,328,347,309,296,255,293,282,0,"4,532"
Ashburnham-Westminster,06100000,63,163,155,203,183,193,180,174,203,219,181,179,187,163,11,"2,457"
Ashland,00140000,120,202,196,192,213,242,187,209,199,190,184,184,178,175,0,"2,671"
Assabet Valley Regional Vocational Technical,08010000,,,,,,,,,,,245,237,240,208,0,930
Athol-Royalston,06150000,36,143,117,137,117,155,148,140,159,157,165,103,120,146,2,"1,845"
Atlantis Charter (District),04910000,,85,67,69,69,93,96,96,61,66,,,,,0,702
Attleboro,00160000,135,440,426,440,427,450,454,461,483,460,492,448,443,430,0,"5,989"
Auburn,00170000,54,166,175,181,165,152,185,198,213,206,180,199,148,159,3,"2,384"
Avon,00180000,17,32,48,53,56,58,58,63,61,67,60,57,62,60,0,752
Ayer,00190000,60,73,109,86,92,90,79,79,86,94,85,99,109,93,0,"1,234"
Barnstable,00200000,118,308,332,322,324,367,,2,455,470,431,460,443,414,11,"4,457"
Barnstable Horace Mann Charter (District),04230000,,,,,,,409,445,,,,,,,0,854
Bedford,00230000,9,153,171,171,181,168,190,174,195,166,210,183,208,163,0,"2,342"
Belchertown,00240000,56,196,201,199,182,198,211,228,215,214,230,183,186,176,6,"2,681"
Bellingham,00250000,116,193,192,167,182,209,223,184,196,221,194,209,197,185,0,"2,668"
Belmont,00260000,52,278,286,308,269,309,261,289,274,277,309,279,286,282,0,"3,759"
Benjamin Banneker Charter Public (District),04200000,,67,56,54,45,38,34,31,,,,,,,0,325
Benjamin Franklin Classical Charter Public (District),04470000,,43,44,45,47,46,48,46,40,35,,,,,0,394
Berkley,00270000,90,81,89,87,108,105,101,92,109,102,,,,,0,964
Berkshire Arts and Technology Charter (District),04140000,,,,,,,,58,59,59,35,9,17,9,0,246
Berkshire Hills,06180000,21,79,67,83,76,77,78,92,87,113,153,172,169,153,1,"1,421"
Berlin,00280000,9,21,18,37,43,35,32,21,,,,,,,0,216
Berlin-Boylston,06200000,,,,,,,,,91,87,73,88,70,69,0,478
Beverly,00300000,113,348,334,377,334,327,338,329,316,332,324,322,294,305,4,"4,397"
Billerica,00310000,120,445,493,504,530,538,538,499,513,548,403,388,360,363,0,"6,242"
Blackstone Valley Regional Vocational Technical,08050000,,,,,,,,,,,289,273,258,225,0,"1,045"
Blackstone-Millville,06220000,76,155,152,151,170,155,133,186,202,183,118,156,164,135,0,"2,136"
Blue Hills Regional Vocational Technical,08060000,,,,,,,,,,,220,218,205,208,0,851
Boston,00350000,"2,223","3,794","4,243","4,010","4,042","3,973","3,602","3,607","4,021","4,132","5,202","4,706","4,426","4,080",107,"56,168"
Boston Collegiate Charter (District),04490000,,,,,,,88,72,67,65,41,39,25,15,0,412
Boston Day and Evening Academy Charter (District),04240000,,,,,,,,,,,20,86,61,100,0,267
Boston Preparatory Charter Public (District),04160000,,,,,,,,118,87,44,20,,,,0,269
Boston Renaissance Charter Public (District),04810000,,428,197,194,133,125,91,82,,,,,,,0,"1,250"
Bourne,00360000,60,176,181,192,210,205,216,201,207,181,183,193,165,165,2,"2,537"
Boxborough,00370000,11,61,71,76,78,73,83,95,,,,,,,0,548
Boxford,00380000,59,112,122,114,141,141,133,158,,,,,,,0,980
Boylston,00390000,20,45,49,52,47,56,50,50,,,,,,,0,369
Braintree,00400000,102,349,402,455,415,409,387,421,442,390,365,362,365,369,13,"5,246"
Brewster,00410000,25,72,82,77,76,92,99,,,,,,,,0,523
Bridgewater-Raynham,06250000,115,461,507,462,510,484,475,491,447,478,401,372,332,338,0,"5,873"
Brimfield,00430000,44,34,47,38,48,52,47,40,,,,,,,0,350
Bristol County Agricultural,09100000,,,,,,,,,,,118,109,98,104,0,429
Bristol-Plymouth Regional Vocational Technical,08100000,,,,,,,,,,,325,307,291,240,0,"1,163"
Brockton,00440000,293,"1,266","1,196","1,126","1,140","1,144","1,137","1,221","1,191","1,248","1,322","1,069",993,974,18,"15,338"
Brookfield,00450000,32,30,41,28,36,31,38,34,,,,,,,0,270
Brookline,00460000,260,495,527,514,438,449,448,408,394,425,432,443,456,477,2,"6,168"
Burlington,00480000,72,292,299,271,293,305,291,288,281,270,268,253,252,251,0,"3,686"
Cambridge,00490000,72,804,438,448,403,402,420,379,395,380,391,378,372,393,7,"5,682"
Canton,00500000,64,224,256,268,230,241,259,227,246,243,194,205,202,190,0,"3,049"
Cape Cod Lighthouse Charter (District),04320000,,,,,,,,72,72,72,,,,,0,216
Cape Cod Regional Vocational Technical,08150000,,,,,,,,,,,191,173,181,178,1,724
Carlisle,00510000,16,73,71,64,88,88,77,83,105,101,,,,,0,766
Carver,00520000,34,127,132,160,162,151,159,160,172,159,139,146,142,122,5,"1,970"
Central Berkshire,06350000,61,126,144,122,149,146,167,166,141,193,176,179,141,189,4,"2,104"
Champion Charter (District),04340000,,,,,,,,,,,21,67,31,16,0,135
Chatham,00550000,22,50,50,52,57,53,52,59,52,54,55,44,53,52,5,710
Chelmsford,00560000,106,370,405,430,428,455,440,401,410,440,415,402,430,429,2,"5,563"
Chelsea,00570000,328,461,509,453,403,407,376,373,354,352,494,377,323,275,8,"5,493"
Chesterfield-Goshen,06320000,14,27,24,30,15,23,21,22,,,,,,,0,176
Chicopee,00610000,264,500,525,512,525,551,519,519,590,624,688,654,669,614,0,"7,754"
Christa McAuliffe Regional Charter Public (District),04180000,,,,,,,,69,89,89,,,,,0,247
City On A Hill Charter Public (District),04370000,,,,,,,,,,,86,90,58,48,0,282
Clarksburg,00630000,,18,22,22,23,18,21,19,36,28,,,,,0,207
Clinton,00640000,125,160,152,157,153,152,144,125,168,146,146,135,130,133,3,"2,029"
Codman Academy Charter Public (District),04380000,,,,,,,,,,,39,40,28,13,0,120
Cohasset,00650000,20,109,140,108,129,116,105,110,108,111,90,93,101,81,0,"1,421"
Community Charter School of Cambridge (District),04360000,,,,,,,,,48,52,62,39,27,,0,228
Community Day Charter Public (District),04400000,,85,50,26,25,24,43,37,20,20,,,,,0,330
Concord,00670000,22,181,201,212,217,218,199,203,188,190,,,,,0,"1,831"
Concord-Carlisle,06400000,,,,,,,,,,,304,331,325,298,0,"1,258"
Conservatory Lab Charter (District),04390000,,22,22,23,22,22,22,,,,,,,,0,133
Conway,00680000,14,19,27,20,20,27,23,27,,,,,,,0,177
Danvers,00710000,64,241,252,259,289,273,327,276,292,290,250,269,236,255,0,"3,573"
Dartmouth,00720000,54,239,329,308,324,333,327,367,335,359,288,313,325,338,0,"4,239"
Dedham,00730000,129,203,224,196,240,228,213,242,218,214,225,177,196,174,0,"2,879"
Deerfield,00740000,33,54,64,69,68,70,65,64,,,,,,,0,487
Dennis-Yarmouth,06450000,70,268,276,259,271,286,278,272,292,312,221,260,266,252,3,"3,586"
Dighton-Rehoboth,06500000,66,187,244,240,251,245,258,255,273,281,256,283,262,263,0,"3,364"
Douglas,00770000,128,140,136,110,135,124,141,145,112,148,116,98,120,107,1,"1,761"
Dover,00780000,,81,91,103,92,105,108,,,,,,,,0,580
Dover-Sherborn,06550000,,,,,,,,175,173,168,129,159,147,145,0,"1,096"
Dracut,00790000,46,294,316,296,312,325,345,364,355,335,360,326,267,264,1,"4,206"
Dudley-Charlton Reg,06580000,200,309,304,338,307,358,338,332,327,404,308,321,305,292,0,"4,443"
Duxbury,00820000,68,220,246,286,272,289,286,230,261,266,227,265,243,232,0,"3,391"
East Bridgewater,00830000,70,172,176,196,227,176,195,225,188,196,155,160,164,189,0,"2,489"
East Longmeadow,00870000,46,183,205,201,286,182,180,209,217,217,239,233,230,235,0,"2,863"
Eastham,00850000,,34,43,45,32,37,41,,,,,,,,0,232
Easthampton,00860000,45,119,129,118,119,120,124,135,127,142,142,116,135,128,3,"1,702"
Easton,00880000,85,243,282,339,289,298,302,323,312,331,290,286,283,248,3,"3,914"
Edgartown,00890000,11,39,27,36,35,44,35,31,37,41,,,,,0,336
Edward Brooke Charter (District),04280000,,60,62,60,,,47,48,47,42,,,,,0,366
Erving,00910000,37,19,22,17,23,27,23,21,,,,,,,0,189
Essex Agricultural Technical,09130000,,,,,,,,,,,129,118,97,105,0,449
Everett,00930000,322,420,403,380,373,373,392,387,385,391,404,501,457,412,0,"5,600"
Excel Academy Charter (District),04100000,,,,,,,53,53,53,45,,,,,0,204
Fairhaven,00940000,49,134,119,140,139,164,153,168,188,162,190,165,145,150,0,"2,066"
Fall River,00950000,148,799,853,841,795,789,794,776,846,807,718,787,641,514,0,"10,108"
Falmouth,00960000,171,294,290,286,258,268,314,272,298,299,252,286,319,286,1,"3,894"
Farmington River Reg,06620000,26,17,17,15,18,17,17,17,,,,,,,0,144
Fitchburg,00970000,201,376,414,446,420,438,405,385,408,409,411,341,334,341,2,"5,331"
Florida,00980000,11,7,10,7,8,13,11,11,12,14,,,,,1,105
Four Rivers Charter Public (District),04130000,,,,,,,,,36,36,33,30,29,29,0,193
Foxborough,00990000,85,181,218,203,216,234,233,213,232,233,229,221,234,201,0,"2,933"
Foxborough Regional Charter (District),04460000,,95,112,117,111,116,112,105,91,64,34,38,34,33,0,"1,062"
Framingham,01000000,253,648,661,638,653,639,628,590,620,599,519,557,549,484,0,"8,038"
Francis W. Parker Charter Essential (District),04780000,,,,,,,,,70,70,67,61,52,59,0,379
Franklin,01010000,205,495,464,520,466,499,477,514,537,475,423,406,378,377,0,"6,236"
Franklin County Regional Vocational Technical,08180000,,,,,,,,,,,135,127,124,139,0,525
Freetown,01020000,21,102,100,107,93,112,,,,,,,,,0,535
Freetown-Lakeville,06650000,,,,,,,290,287,246,262,225,214,240,201,0,"1,965"
Frontier,06700000,,,,,,,,,112,136,102,116,114,134,2,716
Gardner,01030000,75,196,193,184,197,203,202,181,232,231,280,246,246,240,8,"2,914"
Gateway,06720000,45,90,85,86,85,82,109,110,113,109,78,96,90,105,3,"1,286"
Georgetown,01050000,131,134,112,149,124,126,118,133,113,136,107,113,101,90,0,"1,687"
Gill-Montague,06740000,41,80,67,89,76,64,83,70,115,95,78,95,85,89,0,"1,127"
Global Learning Charter Public  (District),04960000,,,,,,,95,71,72,66,26,18,24,15,0,387
Gloucester,01070000,71,208,270,245,236,275,258,280,251,249,349,304,264,245,0,"3,505"
Gosnold,01090000,2,,,,1,,,,,1,,,,,0,4
Grafton,01100000,77,217,250,252,229,259,226,236,207,207,193,156,187,147,6,"2,849"
Granby,01110000,6,59,76,83,87,90,87,88,100,95,109,93,81,81,2,"1,137"
Granville,01120000,,16,14,21,20,32,19,20,24,26,,,,,0,192
Greater Fall River Regional Vocational Technical,08210000,,,,,,,,,,,362,340,339,313,0,"1,354"
Greater Lawrence Regional Vocational Technical,08230000,,,,,,,,,,,331,341,278,311,0,"1,261"
Greater Lowell Regional Vocational Technical,08280000,,,,,,,,,,,519,497,461,467,7,"1,951"
Greater New Bedford Regional Vocational Technical,08250000,,,,,,,,,,,568,534,478,442,0,"2,022"
Greenfield,01140000,90,127,133,140,142,130,127,133,101,142,94,112,111,119,7,"1,708"
Groton-Dunstable,06730000,69,174,188,219,237,221,239,240,231,221,241,204,205,206,1,"2,896"
Hadley,01170000,59,37,43,46,38,53,49,53,43,53,41,51,46,42,0,654
Halifax,01180000,,86,104,114,100,102,98,107,,,,,,,0,711
Hamilton-Wenham,06750000,33,126,141,132,146,144,149,166,169,176,171,179,183,182,0,"2,097"
Hampden-Wilbraham,06800000,47,203,251,250,256,265,272,283,282,292,325,300,339,322,0,"3,687"
Hampshire,06830000,,,,,,,,,152,157,147,122,141,118,4,841
Hancock,01210000,11,4,5,,3,2,6,8,,,,,,,0,39
Hanover,01220000,41,185,227,224,232,249,234,235,221,208,170,168,167,159,5,"2,725"
Harvard,01250000,34,67,65,90,93,95,106,109,118,110,117,101,105,96,0,"1,306"
Harwich,01260000,28,97,102,118,106,110,97,99,111,94,95,96,103,102,0,"1,358"
Hatfield,01270000,24,26,23,21,29,29,40,29,40,28,30,39,25,35,1,419
Haverhill,01280000,137,547,570,567,593,615,552,578,581,616,566,478,496,476,17,"7,389"
Hawlemont,06850000,14,11,19,12,18,17,16,11,,,,,,,0,118
Health Careers Academy Charter (District),04520000,,,,,,,,,,,46,48,46,68,0,208
Hill View Montessori Charter Public (District),04550000,,38,32,32,40,33,29,16,,,,,,,0,220
Hilltown Cooperative Charter  Public (District),04500000,,15,16,18,18,19,18,17,18,15,,,,,0,154
Hingham,01310000,67,299,300,341,323,302,301,277,303,297,259,250,258,271,0,"3,848"
Holbrook,01330000,28,96,79,104,105,122,119,110,97,114,80,56,92,76,2,"1,280"
Holland,01350000,40,33,28,31,40,37,31,27,,,,,,,0,267
Holliston,01360000,84,210,201,214,204,222,210,208,231,250,218,211,249,234,5,"2,951"
Holyoke,01370000,179,378,422,403,428,430,452,485,491,481,691,524,372,385,0,"6,121"
Holyoke Community Charter (District),04530000,,104,84,116,100,92,61,62,41,39,,,,,0,699
Hopedale,01380000,154,79,95,99,90,91,96,95,106,87,73,90,82,86,0,"1,323"
Hopkinton,01390000,52,233,243,256,242,297,291,293,262,277,252,259,226,240,0,"3,423"
Hudson,01410000,103,208,214,210,200,236,219,212,201,219,237,215,210,220,0,"2,904"
Hull,01420000,31,90,90,68,87,88,84,87,89,83,121,104,104,90,0,"1,216"
Innovation Academy Charter (District),04350000,,,,,,,75,75,75,75,47,,,,0,347
Ipswich,01440000,52,137,134,127,159,147,158,171,173,179,170,166,165,158,0,"2,096"
King Philip,06900000,,,,,,,,,411,428,333,325,289,300,0,"2,086"
Kingston,01450000,,171,157,165,163,167,171,165,,,,,,,0,"1,159"
Kipp Academy Lynn Charter (District),04290000,,,,,,,93,88,70,53,,,,,0,304
Lakeville,01460000,22,127,144,158,146,172,,,,,,,,,0,769
Lanesborough,01480000,26,32,42,33,39,34,39,50,,,,,,,0,295
Lawrence,01490000,381,849,986,948,983,943,886,996,"1,057","1,017",926,"1,020",742,564,3,"12,301"
Lawrence Family Development Charter (District),04540000,,128,61,63,60,60,60,56,52,54,,,,,0,594
Lee,01500000,22,45,44,48,60,57,61,62,65,75,99,77,86,98,0,899
Leicester,01510000,106,134,128,136,128,130,134,150,156,157,148,141,140,134,0,"1,922"
Lenox,01520000,19,50,44,52,64,53,59,66,60,73,64,73,62,74,0,813
Leominster,01530000,194,444,428,505,461,462,483,468,488,499,455,490,456,447,7,"6,287"
Leverett,01540000,15,17,33,14,19,24,18,21,,,,,,,0,161
Lexington,01550000,57,341,441,457,454,497,459,495,521,536,502,471,512,510,0,"6,253"
Lincoln,01570000,65,121,120,142,148,125,160,115,121,102,,,,,0,"1,219"
Lincoln-Sudbury,06950000,,,,,,,,,,,401,402,409,409,1,"1,622"
Littleton,01580000,45,145,154,129,132,117,139,125,99,136,91,95,108,91,0,"1,606"
Longmeadow,01590000,40,197,213,206,220,254,252,228,262,263,253,258,249,262,0,"3,157"
Lowell,01600000,452,"1,055",974,"1,101","1,000","1,043","1,004","1,111","1,081","1,111","1,095",862,816,800,0,"13,505"
Lowell Community Charter Public (District),04560000,,169,165,117,97,91,84,76,82,42,,,,,0,923
Lowell Middlesex Academy Charter (District),04580000,,,,,,,,,,,19,12,22,41,0,94
Ludlow,01610000,92,186,189,202,223,208,212,250,261,239,257,249,283,259,1,"3,111"
Lunenburg,01620000,79,98,114,132,120,126,122,138,138,137,145,148,171,155,1,"1,824"
Lynn,01630000,199,989,"1,128","1,100","1,006","1,053",900,939,924,989,"1,230","1,066","1,064",884,10,"13,481"
Lynnfield,01640000,66,146,189,191,179,193,189,172,188,166,184,170,148,158,0,"2,339"
Ma Academy for Math and Science,04680000,,,,,,,,,,,,,49,44,0,93
Malden,01650000,284,486,514,504,474,475,490,474,501,472,491,422,407,380,13,"6,387"
Manchester Essex Regional,06980000,19,92,92,96,107,112,110,111,109,106,114,100,98,94,0,"1,360"
Mansfield,01670000,110,317,342,371,370,367,380,409,396,411,375,368,339,331,1,"4,887"
Marblehead,01680000,33,250,265,244,277,248,219,240,219,239,266,255,222,235,0,"3,212"
Marblehead Community Charter (District),04640000,,,,,,39,50,38,33,32,,,,,0,192
Marion,01690000,22,48,66,70,48,47,67,67,,,,,,,0,435
Marlborough,01700000,136,370,426,368,377,345,345,313,369,359,285,351,269,269,12,"4,594"
Marshfield,01710000,104,352,371,367,368,362,356,375,357,389,339,351,306,318,3,"4,718"
Marstons Mills East HM Charter Public (District),04270000,,85,101,109,87,92,,,,,,,,,0,474
Martha's Vineyard Charter (District),04660000,,12,13,13,14,14,15,16,23,17,11,5,9,6,0,168
Marthas Vineyard,07000000,,,,,,,,,,,179,179,202,190,4,754
Martin Luther King Jr. Charter School of Excellence (District),04920000,,57,82,59,42,,,,,,,,,,0,240
Masconomet,07050000,,,,,,,,,336,365,347,374,365,313,0,"2,100"
Mashpee,01720000,69,133,154,143,131,145,151,141,154,146,167,177,160,184,0,"2,055"
MATCH Charter Public High (District),04690000,,,,,,,,,,,73,57,46,46,0,222
Mattapoisett,01730000,21,58,57,78,75,66,75,66,,,,,,,0,496
Maynard,01740000,60,118,119,110,88,92,102,102,97,91,83,96,96,86,0,"1,340"
Medfield,01750000,49,201,209,221,245,254,224,261,244,239,240,213,230,208,0,"3,038"
Medford,01760000,83,358,375,382,329,350,319,354,314,368,401,405,404,351,6,"4,799"
Medway,01770000,44,208,193,224,215,223,198,218,238,226,200,218,212,161,0,"2,778"
Melrose,01780000,193,251,290,261,287,274,299,287,257,274,216,225,231,234,0,"3,579"
Mendon-Upton,07100000,77,198,243,214,211,233,254,234,227,224,209,183,183,183,1,"2,874"
Methuen,01810000,132,565,575,568,560,588,595,607,605,615,516,536,483,469,12,"7,426"
Middleborough,01820000,52,273,255,267,280,305,300,285,323,277,268,198,224,203,0,"3,510"
Middleton,01840000,61,107,109,106,129,127,106,127,,,,,,,0,872
Milford,01850000,158,315,329,327,311,329,304,342,324,317,296,275,310,273,0,"4,210"
Millbury,01860000,78,147,116,138,143,132,145,127,144,141,175,155,147,154,0,"1,942"
Millis,01870000,57,122,99,113,99,108,101,124,93,104,94,87,85,60,0,"1,346"
Milton,01890000,128,250,298,325,290,289,278,293,296,281,246,288,255,246,5,"3,768"
Minuteman Regional Vocational Technical,08300000,,,,,,,,,,,157,165,163,153,0,638
Mohawk Trail,07170000,45,57,73,76,61,80,65,75,109,126,84,95,90,114,3,"1,153"
Monson,01910000,75,100,107,115,118,132,100,116,122,124,120,93,111,92,0,"1,525"
Montachusett Regional Vocational Technical,08320000,,,,,,,,,,,350,341,316,316,0,"1,323"
Mount Greylock,07150000,,,,,,,,,113,119,84,113,94,102,2,627
Mystic Valley Regional Charter (District),04700000,,117,122,120,118,118,133,116,106,104,89,53,41,33,0,"1,270"
Nahant,01960000,53,26,36,24,46,18,29,24,,,,,,,0,256
Nantucket,01970000,17,109,101,102,94,96,88,92,85,104,110,104,101,92,0,"1,295"
Narragansett,07200000,52,98,125,116,117,127,128,148,157,145,123,124,107,129,0,"1,696"
Nashoba,07250000,101,231,248,268,268,266,255,233,245,261,217,252,216,231,0,"3,292"
Nashoba Valley Regional Vocational Technical,08520000,,,,,,,,,,,140,197,141,141,0,619
Natick,01980000,87,436,367,419,353,402,358,331,336,304,319,320,298,318,0,"4,648"
Nauset,06600000,,,,,,,,155,153,190,259,250,256,263,2,"1,528"
Needham,01990000,24,379,465,417,432,419,412,361,349,370,328,379,321,357,0,"5,013"
Neighborhood House Charter (District),04440000,42,42,40,40,40,40,44,44,42,25,,,,,0,399
New Bedford,02010000,526,"1,163","1,065",926,"1,106","1,078",940,943,"1,005","1,051",965,754,886,580,0,"12,988"
New Leadership Charter (District),04710000,,,,,,,,89,82,90,96,59,49,25,0,490
New Salem-Wendell,07280000,21,16,14,17,21,23,15,20,,,,,,,0,147
Newburyport,02040000,51,145,179,181,168,165,154,138,191,174,193,181,178,202,2,"2,302"
Newton,02070000,179,869,925,949,897,904,864,827,823,794,876,921,936,918,18,"11,700"
Norfolk,02080000,55,162,145,147,132,166,127,146,,,,,,,0,"1,080"
Norfolk County Agricultural,09150000,,,,,,,,,,,118,116,108,117,0,459
North Adams,02090000,84,119,112,124,125,127,126,101,110,112,140,146,127,125,6,"1,684"
North Andover,02110000,86,312,361,362,353,339,363,340,339,370,314,338,335,334,0,"4,546"
North Attleborough,02120000,115,347,392,391,356,386,380,381,393,368,311,310,323,319,0,"4,772"
North Brookfield,02150000,,51,46,50,61,50,51,56,56,61,51,44,60,54,2,693
North Central Charter Essential (District),04740000,,,,,,,,,50,63,47,65,55,44,0,324
North Middlesex,07350000,204,304,294,326,326,347,348,340,338,384,309,299,295,268,7,"4,389"
North Reading,02170000,85,209,234,248,214,231,214,229,213,203,180,191,185,175,0,"2,811"
North Shore Regional Vocational Technical,08540000,,,,,,,,,,,122,111,110,100,0,443
Northampton,02100000,55,186,192,201,213,204,210,181,226,220,240,221,228,216,0,"2,793"
Northampton-Smith Vocational Agricultural,04060000,,,,,,,,,,,107,125,128,93,0,453
Northboro-Southboro,07300000,,,,,,,,,,,368,357,362,323,4,"1,414"
Northborough,02130000,35,176,198,192,218,224,195,218,198,200,,,,,0,"1,854"
Northbridge,02140000,112,180,202,210,183,183,200,189,195,189,188,183,157,171,0,"2,542"
Northeast Metropolitan Regional Vocational Technical,08530000,,,,,,,,,,,330,323,307,284,0,"1,244"
Northern Berkshire Regional Vocational Technical,08510000,,,,,,,,,,,138,141,124,108,0,511
Norton,02180000,77,232,230,232,241,249,239,253,251,282,186,193,159,186,0,"3,010"
Norwell,02190000,45,173,190,174,215,177,185,172,178,154,162,173,158,147,3,"2,306"
Norwood,02200000,94,272,222,250,235,249,273,289,278,237,268,277,265,275,7,"3,491"
Oak Bluffs,02210000,,48,29,35,56,48,54,45,52,45,,,,,0,412
Old Colony Regional Vocational Technical,08550000,,,,,,,,,,,145,153,148,123,0,569
Old Rochester,07400000,24,,,,,,,,215,240,185,169,169,203,0,"1,205"
Orange,02230000,81,92,114,104,94,110,115,113,,,,,,,0,823
Orleans,02240000,16,29,30,25,27,37,34,,,,,,,,0,198
Oxford,02260000,57,135,162,166,151,171,161,167,157,178,146,147,135,133,2,"2,068"
Palmer,02270000,52,149,131,120,134,155,139,157,173,190,118,141,119,105,0,"1,883"
Pathfinder Regional Vocational Technical,08600000,,,,,,,,,,,165,176,151,157,15,664
Peabody,02290000,172,416,456,431,468,490,457,513,496,477,481,470,511,431,5,"6,274"
Pelham,02300000,,14,16,18,20,14,18,20,,,,,,,0,120
Pembroke,02310000,62,253,253,310,281,280,286,279,242,241,244,230,232,220,0,"3,413"
Pentucket,07450000,70,245,232,325,226,263,288,257,264,263,233,184,216,228,0,"3,294"
Petersham,02340000,,13,17,15,14,20,18,23,,,,,,,0,120
Phoenix Charter Academy (District),04930000,,,,,,,,,,,76,27,14,6,0,123
Pioneer Charter School of Science (District),04940000,,,,,,,,,55,36,,,,,0,91
Pioneer Valley,07500000,61,67,76,87,82,78,84,71,101,92,77,87,68,76,0,"1,107"
Pioneer Valley Chinese Immersion Charter(District),04970000,,19,23,,,,,,,,,,,,0,42
Pioneer Valley Performing Arts Charter Public (District),04790000,,,,,,,,,38,45,85,80,77,82,0,407
Pittsfield,02360000,158,484,434,407,465,422,464,457,450,481,567,483,494,468,0,"6,234"
Plainville,02380000,68,115,104,105,107,122,107,105,,,,,,,0,833
Plymouth,02390000,187,631,646,630,633,676,574,543,629,586,775,657,592,542,11,"8,312"
Plympton,02400000,,29,31,35,26,37,33,37,,,,,,,0,228
Prospect Hill Academy Charter (District),04870000,,62,78,75,74,80,67,73,76,73,77,65,57,54,0,911
Provincetown,02420000,34,10,8,11,12,8,12,,17,13,19,13,24,14,0,195
Quabbin,07530000,80,217,198,214,218,242,220,240,261,279,285,272,229,228,1,"3,184"
Quaboag Regional,07780000,33,114,113,106,111,100,118,102,128,121,108,90,91,101,0,"1,436"
Quincy,02430000,271,626,707,592,606,606,625,615,646,671,728,742,746,700,2,"8,883"
Ralph C Mahar,07550000,,,,,,,,,131,147,148,118,122,93,0,759
Randolph,02440000,58,174,240,246,238,235,253,255,265,295,270,199,185,216,9,"3,138"
Reading,02460000,65,324,345,318,388,335,349,348,364,321,305,319,323,312,0,"4,416"
Revere,02480000,203,494,503,448,436,443,416,449,442,465,449,438,384,326,3,"5,899"
Richmond,02490000,13,18,17,12,19,20,21,25,20,23,,,,,0,188
Rising Tide Charter Public (District),04830000,,,,,,,78,81,83,65,,,,,0,307
River Valley Charter (District),04820000,,32,33,34,33,33,29,35,29,30,,,,,0,288
Robert M. Hughes Academy Charter (District),04510000,,20,23,24,19,23,24,17,21,15,,,,,0,186
Rochester,02500000,21,72,83,78,74,94,87,80,,,,,,,0,589
Rockland,02510000,73,180,177,188,188,197,197,211,181,213,161,152,179,182,4,"2,483"
Rockport,02520000,12,75,65,66,66,81,81,78,88,76,82,94,95,86,0,"1,045"
Rowe,02530000,13,8,5,9,6,7,8,5,,,,,,,0,61
Roxbury Preparatory Charter (District),04840000,,,,,,,,76,71,51,,,,,0,198
Sabis International Charter (District),04410000,,104,108,119,120,124,128,127,128,160,160,73,85,83,0,"1,519"
Salem,02580000,131,413,344,349,317,349,345,267,316,278,370,360,308,275,0,"4,422"
Salem Academy Charter (District),04850000,,,,,,,,61,70,45,46,20,7,,0,249
Sandwich,02610000,61,212,277,269,280,259,309,294,320,321,241,260,270,249,0,"3,622"
Saugus,02620000,64,172,225,234,236,233,245,248,232,269,213,209,244,181,4,"3,009"
Savoy,02630000,8,11,5,5,12,6,7,,,,,,,,0,54
Scituate,02640000,73,219,268,248,286,263,280,217,246,246,200,214,208,253,7,"3,228"
Seekonk,02650000,35,145,147,151,153,166,176,199,176,186,152,165,152,186,0,"2,189"
Seven Hills Charter (District),04860000,,78,78,78,78,75,76,76,79,60,,,,,0,678
Sharon,02660000,59,189,227,221,233,284,245,274,312,270,275,281,251,287,1,"3,409"
Shawsheen Valley Regional Vocational Technical,08710000,,,,,,,,,,,335,319,297,307,0,"1,258"
Sherborn,02690000,14,68,71,78,87,97,69,,,,,,,,0,484
Shirley,02700000,67,62,70,65,55,67,54,67,68,56,,,,,0,631
Shrewsbury,02710000,181,376,439,454,482,454,496,450,485,449,419,404,423,383,1,"5,896"
Shutesbury,02720000,21,19,16,29,13,24,23,22,,,,,,,0,167
Silver Lake,07600000,76,,,,,,,,332,299,301,315,283,288,0,"1,894"
Smith Leadership Academy Charter Public (District),04190000,,,,,,,,76,71,53,,,,,0,200
Somerset,02730000,73,198,194,163,199,199,186,214,220,205,263,241,253,233,0,"2,841"
Somerville,02740000,223,425,395,350,382,315,311,335,328,356,441,342,336,349,2,"4,890"
South Hadley,02780000,72,161,145,145,157,170,173,176,168,186,184,190,193,165,0,"2,285"
South Middlesex Regional Vocational Technical,08290000,,,,,,,,,,,178,180,142,168,2,670
South Shore Charter Public (District),04880000,,48,48,43,41,39,39,41,39,40,40,42,30,35,0,525
South Shore Regional Vocational Technical,08730000,,,,,,,,,,,155,154,146,137,0,592
Southampton,02750000,34,71,73,73,80,74,69,79,,,,,,,0,553
Southborough,02760000,54,151,175,183,181,171,186,173,182,159,,,,,0,"1,615"
Southbridge,02770000,84,192,204,198,196,186,180,168,172,182,122,96,90,78,0,"2,148"
Southeastern Regional Vocational Technical,08720000,,,,,,,,,,,355,324,291,263,0,"1,233"
Southern Berkshire,07650000,29,88,66,63,58,71,73,64,60,89,67,50,60,49,0,887
Southern Worcester County Regional Vocational Technical,08760000,,,,,,,,,,,303,313,246,243,0,"1,105"
Southwick-Tolland,07660000,39,119,138,128,129,158,138,150,144,148,140,150,173,134,0,"1,888"
Spencer-E Brookfield,07670000,71,153,170,168,185,167,152,163,147,162,153,159,164,128,0,"2,142"
Springfield,02810000,866,"1,886","2,087","2,007","1,918","1,900","1,881","1,801","1,957","1,934","2,513","1,749","1,500","1,190",44,"25,233"
Stoneham,02840000,104,207,212,191,216,199,203,199,207,198,195,195,218,184,2,"2,730"
Stoughton,02850000,72,279,320,291,310,302,297,255,275,318,296,309,279,270,1,"3,874"
Sturbridge,02870000,91,98,103,137,119,116,112,113,,,,,,,0,889
Sturgis Charter Public (District),04890000,,,,,,,,,,,107,100,81,64,0,352
Sudbury,02880000,70,284,338,343,403,378,341,373,342,360,,,,,0,"3,232"
Sunderland,02890000,24,22,31,24,20,31,32,36,,,,,,,0,220
Sutton,02900000,58,125,162,130,131,143,145,134,136,118,97,95,104,104,0,"1,682"
Swampscott,02910000,56,139,153,162,172,153,161,171,210,190,164,217,196,223,0,"2,367"
Swansea,02920000,57,143,156,150,154,147,169,168,185,181,147,144,136,140,0,"2,077"
Tantasqua,07700000,,,,,,,,,300,293,347,314,299,298,3,"1,854"
Taunton,02930000,265,641,663,587,654,625,638,660,680,670,550,484,478,397,6,"7,998"
Tewksbury,02950000,116,322,355,348,382,370,388,396,378,394,265,262,307,294,0,"4,577"
Tisbury,02960000,3,33,30,30,36,32,28,28,40,42,,,,,0,302
Topsfield,02980000,54,80,80,95,85,103,94,104,,,,,,,0,695
Tri County Regional Vocational Technical,08780000,,,,,,,,,,,246,253,222,195,0,916
Triton,07730000,147,252,241,245,242,234,257,235,204,259,226,256,205,215,2,"3,220"
Truro,03000000,21,23,20,10,20,14,16,13,,,,,,,0,137
Tyngsborough,03010000,94,148,168,173,156,189,169,178,170,163,131,144,143,158,0,"2,184"
Up-Island Regional,07740000,4,38,30,34,36,39,40,42,44,22,,,,,0,329
Uphams Corner Charter (District),04900000,,,,,,,15,34,51,68,,,,,0,168
Upper Cape Cod Regional Vocational Technical,08790000,,,,,,,,,,,176,176,147,154,0,653
Uxbridge,03040000,132,149,152,164,156,164,157,162,170,156,101,116,114,129,0,"2,022"
Wachusett,07750000,73,515,611,572,571,612,607,587,586,576,496,473,488,484,7,"7,258"
Wakefield,03050000,64,251,247,293,248,268,300,242,280,298,227,236,252,252,0,"3,458"
Wales,03060000,24,25,13,23,28,19,20,13,,,,,,,0,165
Walpole,03070000,71,291,320,304,321,315,323,286,286,288,288,289,286,258,0,"3,926"
Waltham,03080000,121,347,357,332,348,338,319,344,363,343,360,377,382,394,0,"4,725"
Ware,03090000,58,85,97,103,90,100,83,95,89,97,86,90,64,64,0,"1,201"
Wareham,03100000,68,267,232,243,242,244,241,262,247,305,240,251,231,226,8,"3,307"
Watertown,03140000,149,192,184,181,178,190,174,189,188,180,176,178,148,204,0,"2,511"
Wayland,03150000,30,172,205,202,193,230,207,205,247,223,238,220,222,226,0,"2,820"
Webster,03160000,67,155,139,146,131,132,134,156,132,150,140,163,125,120,0,"1,890"
Wellesley,03170000,96,393,406,429,394,400,382,379,319,356,303,301,328,279,0,"4,765"
Wellfleet,03180000,23,20,18,16,25,21,17,,,,,,,,0,140
West Boylston,03220000,28,55,77,77,84,64,78,85,95,104,84,90,86,82,0,"1,089"
West Bridgewater,03230000,23,85,107,83,96,92,88,101,100,98,100,102,110,76,1,"1,262"
West Springfield,03320000,49,259,298,278,279,271,289,300,318,311,445,353,250,246,5,"3,951"
Westborough,03210000,90,236,250,268,237,257,293,290,259,246,279,281,283,267,6,"3,542"
Westfield,03250000,153,419,387,441,405,411,444,515,501,469,540,556,527,495,2,"6,265"
Westford,03260000,68,346,443,382,375,407,417,415,429,422,417,401,390,372,0,"5,284"
Westhampton,03270000,23,12,15,14,16,19,19,22,,,,,,,0,140
Weston,03300000,53,141,183,151,191,204,188,216,183,184,185,181,171,185,0,"2,416"
Westport,03310000,125,130,146,125,130,132,148,162,161,180,150,153,115,106,1,"1,964"
Westwood,03350000,55,218,250,246,253,223,261,221,233,229,207,199,213,200,0,"3,008"
Weymouth,03360000,309,456,518,535,509,515,486,470,520,490,538,560,501,518,8,"6,933"
Whately,03370000,9,18,18,16,15,19,14,19,,,,,,,0,128
Whitman-Hanson,07800000,143,301,325,353,316,344,323,360,342,340,294,328,306,305,8,"4,388"
Whittier Regional Vocational Technical,08850000,,,,,,,,,,,322,292,250,227,0,"1,091"
Williamsburg,03400000,23,20,9,19,17,20,24,33,,,,,,,0,165
Williamstown,03410000,31,58,49,51,53,66,66,64,,,,,,,0,438
Wilmington,03420000,75,281,275,298,316,306,332,307,318,332,263,241,236,261,0,"3,841"
Winchendon,03430000,80,132,139,113,140,143,125,130,122,110,127,107,94,85,0,"1,647"
Winchester,03440000,81,262,326,357,319,345,310,309,308,271,282,276,266,277,0,"3,989"
Winthrop,03460000,37,134,158,142,150,174,148,160,164,142,174,139,132,97,0,"1,951"
Woburn,03470000,149,367,401,378,352,363,330,325,344,335,381,361,337,352,0,"4,775"
Worcester,03480000,725,"1,883","1,811","1,856","1,665","1,660","1,625","1,598","1,571","1,520","2,021","1,690","1,716","1,531",4,"22,876"
Wrentham,03500000,119,155,157,166,188,175,173,166,,,,,,,0,"1,299"
State Totals,00000000,"25,853","67,900","71,066","70,786","70,495","71,439","70,721","71,581","73,097","73,306","79,558","75,371","72,278","68,730",625,"962,806"
